timestamp,file,level,message
timestamp,file,level,message
timestamp,file,level,message
timestamp,file,level,message
timestamp,file,level,message
timestamp,file,level,message
timestamp,file,level,message
timestamp,file,level,message
timestamp,file,level,message
timestamp,file,level,message
timestamp,file,level,message
timestamp,file,level,message
timestamp,file,level,message
timestamp,file,level,message
timestamp,file,level,message
timestamp,file,level,message
timestamp,file,level,message
timestamp,file,level,message
timestamp,file,level,message
timestamp,file,level,message
timestamp,file,level,message
timestamp,file,level,message
timestamp,file,level,message
timestamp,file,level,message
timestamp,file,level,message
timestamp,file,level,message
timestamp,file,level,message
timestamp,file,level,message
timestamp,file,level,message
timestamp,file,level,message
timestamp,file,level,message
timestamp,file,level,message
timestamp,file,level,message
timestamp,file,level,message
timestamp,file,level,message
timestamp,file,level,message
timestamp,file,level,message
timestamp,file,level,message
timestamp,file,level,message
timestamp,file,level,message
timestamp,file,level,message
timestamp,file,level,message
timestamp,file,level,message
timestamp,file,level,message
timestamp,file,level,message
timestamp,file,level,message
timestamp,file,level,message
timestamp,file,level,message
timestamp,file,level,message
timestamp,file,level,message
timestamp,file,level,message
timestamp,file,level,message
timestamp,file,level,message
timestamp,file,level,message
timestamp,file,level,message
timestamp,file,level,message
timestamp,file,level,message
timestamp,file,level,message
timestamp,file,level,message
timestamp,file,level,message
timestamp,file,level,message
timestamp,file,level,message
timestamp,file,level,message
timestamp,file,level,message
timestamp,file,level,message
timestamp,file,level,message
timestamp,file,level,message
timestamp,file,level,message
timestamp,file,level,message
timestamp,file,level,message
timestamp,file,level,message
timestamp,file,level,message
timestamp,file,level,message
timestamp,file,level,message
timestamp,file,level,message
timestamp,file,level,message
timestamp,file,level,message
timestamp,file,level,message
timestamp,file,level,message
timestamp,file,level,message
timestamp,file,level,message
timestamp,file,level,message
timestamp,file,level,message
E,R,R,O,R
timestamp,file,level,message
D,a,t,a,b,a,s,e
timestamp,file,level,message
timestamp,file,level,message
timestamp,file,level,message
E,R,R,O,R
timestamp,file,level,message
timestamp,file,level,message
E,R,R,O,R
timestamp,file,level,message
D,a,t,a,b,a,s,e
timestamp,file,level,message
timestamp,file,level,message
timestamp,file,level,message
E,R,R,O,R
timestamp,file,level,message
timestamp,file,level,message
E,R,R,O,R
timestamp,file,level,message
timestamp,file,level,message
timestamp,file,level,message
timestamp,file,level,message
timestamp,file,level,message
timestamp,file,level,message
E,R,R,O,R
timestamp,file,level,message
D,a,t,a,b,a,s,e
timestamp,file,level,message
timestamp,file,level,message
timestamp,file,level,message
E,R,R,O,R
timestamp,file,level,message
timestamp,file,level,message
E,R,R,O,R
timestamp,file,level,message
D,a,t,a,b,a,s,e
timestamp,file,level,message
timestamp,file,level,message
timestamp,file,level,message
E,R,R,O,R
timestamp,file,level,message
timestamp,file,level,message
E,R,R,O,R
timestamp,file,level,message
timestamp,file,level,message
timestamp,file,level,message
timestamp,file,level,message
timestamp,file,level,message
timestamp,file,level,message
E,R,R,O,R
timestamp,file,level,message
D,a,t,a,b,a,s,e
timestamp,file,level,message
timestamp,file,level,message
timestamp,file,level,message
E,R,R,O,R
timestamp,file,level,message
timestamp,file,level,message
E,R,R,O,R
timestamp,file,level,message
D,a,t,a,b,a,s,e
timestamp,file,level,message
timestamp,file,level,message
timestamp,file,level,message
E,R,R,O,R
timestamp,file,level,message
timestamp,file,level,message
E,R,R,O,R
timestamp,file,level,message
timestamp,file,level,message
timestamp,file,level,message
timestamp,file,level,message
timestamp,file,level,message
timestamp,file,level,message
E,R,R,O,R
timestamp,file,level,message
D,a,t,a,b,a,s,e
timestamp,file,level,message
timestamp,file,level,message
timestamp,file,level,message
E,R,R,O,R
timestamp,file,level,message
timestamp,file,level,message
E,R,R,O,R
timestamp,file,level,message
D,a,t,a,b,a,s,e
timestamp,file,level,message
timestamp,file,level,message
timestamp,file,level,message
E,R,R,O,R
timestamp,file,level,message
timestamp,file,level,message
E,R,R,O,R
timestamp,file,level,message
timestamp,file,level,message
timestamp,file,level,message
timestamp,file,level,message
timestamp,file,level,message
timestamp,file,level,message
E,R,R,O,R
timestamp,file,level,message
D,a,t,a,b,a,s,e
timestamp,file,level,message
timestamp,file,level,message
timestamp,file,level,message
E,R,R,O,R
timestamp,file,level,message
timestamp,file,level,message
E,R,R,O,R
timestamp,file,level,message
D,a,t,a,b,a,s,e
timestamp,file,level,message
timestamp,file,level,message
timestamp,file,level,message
E,R,R,O,R
timestamp,file,level,message
timestamp,file,level,message
E,R,R,O,R
timestamp,file,level,message
timestamp,file,level,message
timestamp,file,level,message
